timestamp,open,high,low,close,volume
2022-11-23,48.51,48.97,47.88,48.51,3214022
2022-11-22,47.72,49.42,46.94,49.36,5593316
2022-11-21,46.13,46.89,44.51,46.63,5378136
2022-11-18,48.18,48.57,46.72,47.31,3967438
2022-11-17,46.93,47.46,45.55,47.37,5688237
2022-11-16,47.65,48.83,46.24,48.67,7751298
2022-11-15,49.6,49.99,48.44,49.21,5395269
2022-11-14,46.55,49.05,46.4,48.22,6572530
2022-11-11,45.26,50.7599,45.04,47.66,18068228
2022-11-10,42.81,45.49,42.81,43.83,8201898
2022-11-09,42.53,42.7454,40.34,40.68,4181219
2022-11-08,42.18,43.385,41.46,43.23,4740199
2022-11-07,42.47,42.79,41.0,41.51,4790732
2022-11-04,41.54,43.52,40.8,42.4,11099443
2022-11-03,37.14,38.19,36.5119,37.7,4407655
2022-11-02,40.71,41.14,37.77,37.77,5227760
2022-11-01,40.77,42.13,40.26,40.88,6356120
2022-10-31,38.86,40.03,38.82,39.03,5388653
2022-10-28,40.78,40.785,38.46,39.49,6566408
2022-10-27,42.58,42.81,41.19,41.41,5169067
2022-10-26,42.09,43.08,41.28,42.65,6084100
2022-10-25,38.765,42.39,38.44,41.49,8522212
2022-10-24,40.05,40.15,38.6,39.17,7822356
2022-10-21,38.85,41.92,38.56,41.06,13762581
2022-10-20,35.82,41.67,35.4,38.91,36329460
2022-10-19,39.02,39.31,37.15,37.62,8372839
2022-10-18,40.37,40.58,38.578,39.71,5082704
2022-10-17,39.45,40.2899,38.4,39.38,5538020
2022-10-14,40.94,40.94,37.89,38.35,5606597
2022-10-13,38.64,40.97,38.29,40.88,8221708
2022-10-12,37.78,41.11,36.58,39.86,17974220
2022-10-11,37.86,39.07,37.29,37.85,4918681
2022-10-10,39.5,40.1897,38.4616,38.84,5590142
2022-10-07,39.04,39.355,37.88,39.01,6270625
2022-10-06,39.37,40.35,38.65,39.85,6853926
2022-10-05,38.93,40.42,38.31,40.08,7798397
2022-10-04,39.16,40.39,38.38,40.23,9700670
2022-10-03,34.35,37.94,34.0,37.39,9731361
2022-09-30,34.81,35.74,33.55,33.66,9024626
2022-09-29,37.15,37.55,34.27,35.43,13168093
2022-09-28,34.68,35.53,33.7,35.23,9904833
2022-09-27,35.04,35.84,34.4,34.7,8346278
2022-09-26,35.09,36.02,34.345,34.47,7275503
2022-09-23,35.9,36.32,35.11,35.51,8163851
2022-09-22,39.94,40.39,37.48,37.52,9851886
2022-09-21,43.5,43.87,39.37,39.41,11719965
2022-09-20,43.58,43.8,42.7,43.53,5023568
2022-09-19,41.25,45.12,41.0931,44.63,6566960
2022-09-16,43.1,43.76,41.61,42.46,11489623
2022-09-15,44.57,45.54,43.0125,43.14,8631739
2022-09-14,49.095,49.47,44.03,44.81,13376446
2022-09-13,50.34,52.44,49.83,50.29,4331637
2022-09-12,53.4,53.79,51.56,52.34,5283214
2022-09-09,50.4,53.07,50.27,52.62,7269523
2022-09-08,47.98,48.94,47.15,48.86,5264385
2022-09-07,47.02,48.07,46.12,47.66,5242804
2022-09-06,49.66,50.5199,47.45,47.91,6759648
2022-09-02,49.28,50.3499,48.9302,49.25,3963120
2022-09-01,47.695,48.41,46.1,48.08,5971366
2022-08-31,50.33,50.61,48.89,49.48,5649651
2022-08-30,54.89,54.89,50.03,50.79,7757509
2022-08-29,55.17,56.884,54.67,55.5,5477282
2022-08-26,57.67,58.235,55.2,55.84,5506845
2022-08-25,55.19,57.0,54.4,56.92,4968527
2022-08-24,52.11,54.46,51.77,54.43,4943568
2022-08-23,51.06,53.875,50.67,53.09,5267034
2022-08-22,50.0,50.95,49.06,50.27,4340009
2022-08-19,52.53,52.78,50.685,51.01,4467135
2022-08-18,52.57,54.2,52.36,53.84,4021462
2022-08-17,52.03,52.44,51.29,51.98,4020402
2022-08-16,52.8,53.89,52.59,53.12,4925114
2022-08-15,50.59,52.18,49.93,51.7,4225088
2022-08-12,52.4,53.43,51.77,52.76,4262674
2022-08-11,54.27,55.63,53.12,53.27,4924474
2022-08-10,51.32,53.45,50.795,52.95,5677794
2022-08-09,49.45,50.74,49.26,50.38,4725274
2022-08-08,49.65,50.4,48.47,48.65,4228844
2022-08-05,47.49,51.35,47.45,49.52,5074792
2022-08-04,48.54,49.6399,47.2,47.85,4494611
2022-08-03,48.67,48.8537,47.515,48.49,4383122
2022-08-02,47.84,49.56,47.2605,48.34,4685863
2022-08-01,49.88,50.22,48.06,48.28,5926862
2022-07-29,49.82,51.015,49.09,50.89,5622033
2022-07-28,48.29,49.22,46.63,49.08,5081035
2022-07-27,47.605,47.96,45.89,47.75,4819049
2022-07-26,47.13,48.2247,46.16,46.99,5336657
2022-07-25,46.8,47.725,46.2,46.8,6842148
2022-07-22,46.05,48.4699,45.47,45.8,10121229
2022-07-21,47.33,47.45,43.46,45.15,12226238
2022-07-20,44.67,45.49,43.6,45.06,6823184
2022-07-19,43.29,44.92,42.85,44.9,5484089
2022-07-18,44.47,45.25,43.085,43.42,5707284
2022-07-15,41.56,43.06,40.3101,43.06,5191708
2022-07-14,40.84,41.15,39.565,40.81,5408234
2022-07-13,41.59,43.5299,41.38,43.19,3671339
2022-07-12,41.65,42.95,41.1612,42.25,4310102
2022-07-11,43.82,44.38,42.59,42.73,4849341
2022-07-08,45.63,45.79,44.4,44.83,5312466
2022-07-07,45.5,46.73,45.18,45.65,7508197
2022-07-06,41.89,43.12,40.65,42.63,8640691
2022-07-05,42.83,43.26,41.37,42.09,7444969
2022-07-01,44.885,45.8294,43.35,44.78,6634831
2022-06-30,46.18,46.59,44.27,45.58,6217520
2022-06-29,49.74,49.75,46.88,47.62,4292061
2022-06-28,50.12,51.0999,48.8677,49.25,5222532
2022-06-27,50.52,50.52,48.75,49.56,4212020
2022-06-24,47.19,49.8462,46.52,49.36,7387829
2022-06-23,47.98,48.795,45.22,46.62,8209069
2022-06-22,47.51,49.89,47.47,48.9,6423987
2022-06-21,50.79,51.9399,49.49,50.08,5540918
2022-06-17,49.47,50.2,47.6401,49.28,8593426
2022-06-16,48.46,51.86,48.45,49.68,8381338
2022-06-15,49.55,52.39,49.01,51.11,10392370
2022-06-14,50.17,50.51,48.3,48.92,5759070
2022-06-13,49.59,50.92,48.27,49.84,7334355
2022-06-10,54.04,54.75,52.57,53.01,9354669
2022-06-09,61.46,61.7,55.56,55.56,10345893
2022-06-08,64.53,65.8989,62.12,62.28,4453330
2022-06-07,62.8,65.55,62.23,65.51,3811076
2022-06-06,62.59,64.25,61.195,64.02,5390902
2022-06-03,62.55,63.05,61.06,61.83,3182762
2022-06-02,63.7,65.14,62.85,63.83,3925145
2022-06-01,61.135,63.7099,60.64,62.41,4459146
2022-05-31,66.09,67.52,61.305,61.72,18488763
2022-05-27,63.59,65.98,63.2478,64.5,6887413
2022-05-26,60.95,63.25,59.74,62.85,5268412
2022-05-25,60.03,61.4592,58.88,60.94,6188583
2022-05-24,61.99,62.18,60.09,61.33,6208093
2022-05-23,62.3,63.65,59.86,63.14,6221409
2022-05-20,63.06,63.7499,58.51,60.57,8740955
2022-05-19,60.16,64.47,60.11,62.05,6751699
2022-05-18,62.62,63.8189,60.01,60.51,6828123
2022-05-17,64.17,64.71,61.8,63.4,6836941
2022-05-16,59.5,61.15,58.6,60.28,6681535
2022-05-13,57.29,59.68,56.9,58.33,7740582
2022-05-12,54.85,56.36,53.34,54.58,7408825
2022-05-11,57.46,59.36,56.27,56.66,6194322
2022-05-10,55.51,56.91,53.61,55.84,8497550
2022-05-09,58.5,58.5731,53.73,54.21,12074884
2022-05-06,62.37,62.8,60.0,61.04,5591505
2022-05-05,67.77,68.17,61.94,63.46,6049343
2022-05-04,65.0,68.09,64.21,67.96,5744973
2022-05-03,65.17,67.66,64.2,64.66,6510792
2022-05-02,67.0,67.62,64.43,66.16,5816742
2022-04-29,71.06,72.68,67.225,67.8,6093752
2022-04-28,69.78,70.9984,67.0812,70.52,5643487
2022-04-27,68.265,71.54,67.54,69.99,8631131
2022-04-26,67.15,69.03,64.67,66.97,7950925
2022-04-25,64.71,68.58,62.46,67.37,14092516
2022-04-22,71.87,72.3,66.72,67.37,10970339
2022-04-21,80.65,81.4,71.32,72.2,21971312
2022-04-20,85.91,88.01,82.56,86.93,6549347
2022-04-19,87.85,88.2,85.51,86.58,5120603
2022-04-18,88.0,90.98,86.94,89.45,4475049
2022-04-14,87.38,90.08,87.1,87.77,5012822
2022-04-13,84.73,87.74,83.15,87.42,4797730
2022-04-12,83.7,86.38,82.9542,83.26,4274335
2022-04-11,83.62,84.2,80.83,82.53,4671668
2022-04-08,85.3,86.87,83.63,84.15,4586351
2022-04-07,87.7,88.3943,83.1701,86.1,6516553
2022-04-06,89.0,89.81,86.74,87.73,4531447
2022-04-05,93.2,93.2,85.1,87.71,6792384
2022-04-04,91.0,91.58,88.85,90.9,3687030
2022-04-01,91.69,93.58,87.535,90.62,5746311
2022-03-31,91.67,92.7,89.8006,90.03,4567221
2022-03-30,92.6,93.99,90.96,92.19,5513570
2022-03-29,86.5,90.1,84.1295,90.07,7530657
2022-03-28,90.64,92.87,88.11,92.46,5111285
2022-03-25,95.89,98.09,91.02,91.96,5901677
2022-03-24,91.65,95.44,91.39,95.06,7352274
2022-03-23,91.49,95.79,91.02,94.22,6848035
2022-03-22,89.98,91.563,88.52,89.88,5757961
2022-03-21,85.57,92.11,85.3001,90.69,9827357
2022-03-18,80.52,82.7,79.21,82.44,7343263
2022-03-17,77.98,81.72,77.02,80.73,8423152
2022-03-16,74.79,76.79,72.581,75.63,6809804
2022-03-15,71.07,74.0,69.93,73.71,7090348
2022-03-14,77.17,77.17,72.0481,73.5,7915115
2022-03-11,80.49,81.8672,78.65,79.04,5690036
2022-03-10,83.69,84.36,78.25,82.94,10238577
2022-03-09,79.8,80.81,77.0,79.52,11917672
2022-03-08,82.0,85.5999,77.77,82.37,12840933
2022-03-07,89.56,92.32,83.51,85.4,12623520
2022-03-04,82.01,90.95,81.73,90.66,19676804
2022-03-03,82.53,84.275,79.45,82.89,7513666
2022-03-02,81.01,83.16,78.7819,82.56,10760849
2022-03-01,77.89,85.73,77.06,79.78,15303424
2022-02-28,77.65,80.5799,75.01,75.34,9363349
2022-02-25,73.11,78.38,71.781,77.85,7361905
2022-02-24,75.29,77.45,69.85,73.3,11610911
2022-02-23,74.25,75.68,73.1101,75.32,6588168
2022-02-22,80.0,80.08,73.11,74.09,8933063
2022-02-18,76.03,78.37,75.55,78.2,5825344
2022-02-17,77.06,77.66,75.4345,76.47,5515030
2022-02-16,75.0,77.95,74.72,77.84,7355774
2022-02-15,72.45,74.19,70.56,74.04,6823367
2022-02-14,74.54,75.23,71.92,73.86,7813281
2022-02-11,68.96,74.5,68.7308,73.52,9952265
2022-02-10,70.94,73.72,70.12,71.17,11437736
2022-02-09,69.52,72.37,68.97,71.91,10244697
2022-02-08,65.83,71.97,65.6,69.97,16122881
2022-02-07,64.95,65.77,63.02,63.75,5021855
2022-02-04,62.26,65.6,61.88,64.22,7161159
2022-02-03,58.9,63.36,58.33,62.74,8076610
2022-02-02,58.19,59.585,57.25,59.21,5613758
2022-02-01,57.99,58.44,56.73,58.17,5939348
2022-01-31,56.94,57.02,55.02,56.71,7206053
2022-01-28,58.0,58.39,55.58,57.4,6995278
2022-01-27,60.6,61.6599,57.47,58.03,6445290
2022-01-26,61.54,63.64,59.88,60.75,9267426
2022-01-25,57.51,61.6,56.7608,61.21,7780587
2022-01-24,53.81,58.2,53.26,58.02,9209629
2022-01-21,60.02,60.15,56.04,56.21,11024982
2022-01-20,62.1,64.25,59.97,61.25,15925959
2022-01-19,61.39,61.93,58.885,59.63,6881288
2022-01-18,60.5,61.56,58.8,60.05,5972187
2022-01-14,60.27,61.44,59.34,61.39,4397108
2022-01-13,61.75,63.26,60.37,60.51,5769838
2022-01-12,63.66,64.37,60.86,61.88,6434989
2022-01-11,60.71,62.25,59.12,62.2,5937078
2022-01-10,61.62,62.71,60.441,61.54,5653472
2022-01-07,60.14,62.89,59.65,62.37,8071270
2022-01-06,58.94,59.4911,57.25,58.45,4363058
2022-01-05,58.95,61.79,58.445,58.55,7599751
2022-01-04,60.68,61.15,57.21,57.53,7980653
2022-01-03,60.24,62.61,60.09,60.36,6208442
2021-12-31,59.16,60.0452,58.7,59.58,3938291
2021-12-30,59.68,61.59,59.14,59.21,4507541
2021-12-29,59.13,60.12,58.67,59.63,4022735
2021-12-28,59.28,59.56,58.51,59.19,6002294
2021-12-27,58.37,59.86,57.23,59.83,6270013
2021-12-23,59.0,60.59,58.46,59.36,7516371
2021-12-22,56.93,60.5536,56.67,59.31,10594824
2021-12-21,53.8,57.24,53.75,56.79,10784072
2021-12-20,51.89,53.355,51.36,53.11,8394528
2021-12-17,52.26,53.78,50.8812,53.73,31780861
2021-12-16,52.0,54.15,51.98,52.59,12482609
2021-12-15,49.51,51.01,48.045,50.97,9047608
2021-12-14,48.96,51.08,48.41,50.46,14668202
2021-12-13,49.22,50.05,47.2,47.78,4950901
2021-12-10,49.97,50.15,47.84,48.8,5525355
2021-12-09,47.8,50.98,47.35,49.98,8731969
2021-12-08,47.07,48.735,46.98,48.56,5594720
2021-12-07,47.07,48.05,46.73,46.94,5637731
2021-12-06,44.92,46.7381,44.13,45.56,7116506
2021-12-03,44.76,44.92,43.26,44.07,5930836
2021-12-02,44.435,45.29,43.8201,44.82,5522504
2021-12-01,47.89,48.05,43.75,43.78,15223056
2021-11-30,48.78,49.38,45.56,46.53,9644856
2021-11-29,49.22,49.935,47.779,49.14,6546723
2021-11-26,47.74,48.14,45.82,47.95,7291156
2021-11-24,48.81,51.335,48.41,50.46,7137598
2021-11-23,49.16,50.21,48.45,49.02,4881724
2021-11-22,47.8,49.7,47.3,48.51,6379850
2021-11-19,47.31,48.08,46.69,47.6,5644176
2021-11-18,47.55,47.83,46.49,47.7,4353631
2021-11-17,48.91,50.0,47.62,47.92,5365638
2021-11-16,49.86,50.0,47.96,48.2,8759691
2021-11-15,50.99,51.0,49.44,50.63,6352096
2021-11-12,50.73,52.86,50.35,51.92,9250509
2021-11-11,48.52,51.71,48.4,51.21,14257316
2021-11-10,47.01,47.69,45.6,46.17,5964765
2021-11-09,48.72,49.16,46.75,47.24,6945883
2021-11-08,49.2,50.62,48.16,48.86,10550347
2021-11-05,46.0,48.1,46.0,47.86,8316982
2021-11-04,47.5,47.62,45.29,46.37,11378845
2021-11-03,47.2,48.65,46.76,47.43,6552163
2021-11-02,46.86,47.48,45.9,47.08,10011170
2021-11-01,46.22,47.5301,45.21,46.73,9324120
2021-10-29,46.08,47.21,45.38,45.95,6647240
2021-10-28,47.17,47.48,45.51,46.45,10235705
2021-10-27,47.48,47.92,45.45,45.89,12864707
2021-10-26,50.8,51.2656,49.26,49.55,6153108
2021-10-25,50.11,52.125,49.35,51.17,11070148
2021-10-22,50.49,50.99,48.87,49.25,7469345
2021-10-21,51.7,51.7,49.8,49.99,9066902
2021-10-20,52.8,53.8999,52.02,52.51,7330394
2021-10-19,57.24,57.24,53.61,53.68,10860849
2021-10-18,54.99,57.57,54.96,57.24,9883752
2021-10-15,51.92,56.93,51.0,56.0,33374931
2021-10-14,49.29,50.04,48.06,48.6,9971260
2021-10-13,48.135,48.9,47.23,48.4,5836826
2021-10-12,47.88,49.44,47.3446,47.78,6872261
2021-10-11,47.91,49.38,47.15,47.29,6078775
2021-10-08,47.07,47.33,45.63,46.03,5548594
2021-10-07,48.17,48.26,46.94,47.05,5916632
2021-10-06,47.79,48.23,45.8,47.05,7321764
2021-10-05,49.59,49.82,48.39,49.05,4226393
2021-10-04,50.53,51.23,49.06,49.18,4681676
2021-10-01,49.46,49.89,47.94,49.77,6561195
2021-09-30,50.06,50.47,48.93,48.94,6045624
2021-09-29,52.075,52.0797,50.1606,50.58,4609123
2021-09-28,51.6,52.45,50.16,50.98,7122331
2021-09-27,48.56,51.71,48.48,51.56,8264621
2021-09-24,47.87,49.08,47.75,48.49,5168089
2021-09-23,48.11,49.46,47.8,48.56,5723397
2021-09-22,47.3,49.37,47.1,47.95,10983765
2021-09-21,48.75,49.14,44.48,45.6,14587085
2021-09-20,45.71,48.48,45.24,48.46,9338058
2021-09-17,49.19,49.77,47.47,48.83,10520023
2021-09-16,50.95,50.96,48.66,49.41,8054416
2021-09-15,49.72,51.89,49.51,51.68,9413927
2021-09-14,48.98,49.2441,47.62,48.0,6902590
2021-09-13,50.25,51.169,49.06,49.22,8579094
2021-09-10,48.25,50.345,48.25,49.5,10397446
2021-09-09,46.185,47.8899,46.04,47.51,7477554
2021-09-08,46.52,47.77,45.405,45.73,5689816
2021-09-07,47.61,48.39,46.48,46.77,6170038
2021-09-03,46.955,47.72,46.04,47.21,5203778
2021-09-02,46.03,48.24,45.9,46.91,8466801
2021-09-01,43.71,46.22,42.45,45.6,11739149
2021-08-31,44.26,44.95,42.96,44.37,6152582
2021-08-30,44.5,44.88,43.33,44.05,5552301
2021-08-27,42.19,44.3,42.08,44.13,7106743
2021-08-26,41.72,42.5799,41.35,41.42,3971998
2021-08-25,42.05,42.695,41.64,42.06,4728792
2021-08-24,41.8301,43.03,41.74,42.13,5672786
2021-08-23,38.6,41.44,38.57,41.11,9678618
2021-08-20,37.5,38.2,37.19,37.71,7819084
2021-08-19,39.9,40.09,36.6085,36.92,16177792
2021-08-18,41.03,42.35,40.8,41.49,6107372
2021-08-17,42.78,42.94,40.34,41.61,8015483
2021-08-16,44.1,44.19,42.8201,43.42,4964509
2021-08-13,45.39,45.7905,44.89,45.25,5835432
2021-08-12,44.29,45.4,43.7701,45.15,6678342
2021-08-11,43.48,44.74,43.15,44.66,7674533
2021-08-10,40.69,44.15,40.65,43.87,11404034
2021-08-09,40.45,41.49,39.9,40.53,5634414
2021-08-06,39.62,40.95,39.2299,40.71,6146725
2021-08-05,38.49,39.35,38.29,38.75,4021718
2021-08-04,39.97,40.019,38.53,38.75,5087554
2021-08-03,39.52,40.45,38.0,40.38,6269207
2021-08-02,40.22,41.65,39.38,39.4,7601700
2021-07-30,39.16,40.66,38.96,40.15,8142636
2021-07-29,38.94,40.0,38.78,39.37,6556769
2021-07-28,38.56,38.92,37.8065,38.23,6217530
2021-07-27,38.04,38.5,37.37,38.27,5782369
2021-07-26,37.59,39.02,37.02,38.96,8950255
2021-07-23,37.52,37.87,36.49,37.06,5840643
2021-07-22,36.95,37.49,36.1,37.23,7230108
2021-07-21,35.25,37.41,35.25,37.09,11877733
2021-07-20,31.55,35.2602,31.26,34.95,15651337
2021-07-19,31.99,32.45,30.995,31.62,12140838
2021-07-16,35.35,35.7,32.7323,32.95,14579689
2021-07-15,35.27,35.93,34.235,34.54,8560168
2021-07-14,36.25,36.9,34.94,35.14,6964629
2021-07-13,37.15,37.18,35.22,35.62,8073363
2021-07-12,36.88,37.94,36.58,37.29,5139491
2021-07-09,36.5,37.78,36.28,37.44,6624400
2021-07-08,35.0,36.09,34.08,35.36,6245448
2021-07-07,36.66,37.28,35.83,36.23,4987915
2021-07-06,37.61,37.9479,36.24,36.47,8577484
2021-07-02,37.44,38.5,37.13,37.92,7338025
2021-07-01,37.4,37.69,36.47,36.96,6119937
2021-06-30,37.2,37.8039,36.68,36.84,6047752
2021-06-29,36.55,38.0,36.54,37.53,8493518
2021-06-28,36.17,36.61,35.67,36.09,8758199
2021-06-25,36.95,37.11,35.78,35.8,32496825
2021-06-24,35.93,36.67,35.269,36.35,6733849
2021-06-23,35.08,35.96,34.82,35.04,9462627
2021-06-22,33.38,34.08,32.78,33.91,6153288
2021-06-21,32.44,33.33,32.35,33.09,6758628
2021-06-18,33.05,33.45,31.9,32.08,9979915
2021-06-17,35.26,35.35,32.63,33.58,12414489
2021-06-16,35.54,35.85,34.69,35.36,7625648
2021-06-15,36.22,36.36,34.75,36.29,8600587
2021-06-14,37.3,37.785,36.46,36.95,5887303
2021-06-11,38.23,38.56,37.11,37.38,4649409
2021-06-10,38.26,38.8,37.24,37.42,3736056
2021-06-09,38.47,38.68,37.49,37.98,4926756
2021-06-08,37.63,38.9199,36.7,38.62,5046288
2021-06-07,38.74,38.74,37.3847,37.74,5016418
2021-06-04,39.32,39.58,38.32,38.84,3361220
2021-06-03,39.02,39.54,38.2678,38.72,5030088
2021-06-02,40.7,40.7,39.46,40.0,5504606
2021-06-01,40.2,41.155,40.14,40.98,7332372
2021-05-28,38.64,39.7,38.22,39.67,4536793
2021-05-27,37.51,39.055,37.3,39.01,6946052
2021-05-26,35.38,36.585,35.38,36.55,5991018
2021-05-25,36.46,36.93,34.94,35.15,5868522
2021-05-24,36.11,36.79,35.4,36.5,5462015
2021-05-21,36.17,37.0675,35.65,36.14,6902609
2021-05-20,36.36,36.36,35.28,35.82,7124340
2021-05-19,38.34,38.37,35.39,36.17,15755855
2021-05-18,41.11,41.69,39.58,39.84,5665221
2021-05-17,39.55,40.7,38.57,40.68,4774540
2021-05-14,39.1,39.98,38.651,39.7,4718169
2021-05-13,39.146,40.97,38.19,39.13,6493529
2021-05-12,41.13,42.24,39.15,39.51,8252229
2021-05-11,39.07,42.15,38.96,41.32,9042131
2021-05-10,42.75,44.42,41.02,41.04,11649721
2021-05-07,39.76,41.38,39.25,41.2,4828309
2021-05-06,40.89,41.44,39.28,39.89,7163968
2021-05-05,39.37,40.88,38.64,40.6,7658800
2021-05-04,38.02,39.27,37.65,39.07,6704936
2021-05-03,37.18,38.055,36.05,37.61,4657715
2021-04-30,36.52,38.07,36.35,36.64,6284736
2021-04-29,36.99,37.5,36.36,37.17,4895439
2021-04-28,36.53,36.97,36.29,36.49,3468329
2021-04-27,36.04,37.7,35.82,36.75,5855171
2021-04-26,35.16,37.06,34.995,36.8,7747562
2021-04-23,33.98,34.86,33.7602,34.71,4818317
2021-04-22,34.2,34.33,33.16,33.21,5436624
2021-04-21,32.57,34.68,32.5,34.26,7890150
2021-04-20,35.91,35.95,32.381,32.98,10494794
2021-04-19,35.4,36.54,34.81,36.03,10102393
2021-04-16,34.03,36.03,33.865,35.63,17790325
2021-04-15,33.46,33.62,32.15,32.84,6132580
2021-04-14,31.95,34.24,31.8,33.39,8200517
2021-04-13,31.98,32.18,30.83,31.24,3412640
2021-04-12,31.5,31.88,31.1,31.77,4418476
2021-04-09,31.16,31.55,30.51,31.36,4317326
2021-04-08,31.8,31.92,30.025,31.45,5776052
2021-04-07,31.37,31.97,31.11,31.52,4193353
2021-04-06,31.66,33.07,31.1,31.31,6204497
2021-04-05,32.68,32.7999,31.51,31.55,3933781
2021-04-01,32.2,32.5799,31.49,32.23,5482082
2021-03-31,33.66,34.29,32.11,32.49,7236579
2021-03-30,32.15,33.05,31.34,32.97,6286685
2021-03-29,32.45,33.99,31.855,32.04,8276237
2021-03-26,30.41,32.8,30.15,32.78,9604262
2021-03-25,28.03,29.7651,27.55,29.66,6403022
2021-03-24,29.7201,30.48,28.59,28.76,9127477
2021-03-23,28.39,29.25,27.11,27.42,8474586
2021-03-22,31.23,31.42,30.08,30.43,3552299
2021-03-19,31.13,31.62,30.0701,31.14,6934807
2021-03-18,31.66,33.4495,30.93,31.19,6727235
2021-03-17,30.17,31.81,30.04,31.81,6861307
2021-03-16,30.75,30.785,29.29,29.52,5035665
2021-03-15,31.45,31.68,30.34,31.04,4543403
2021-03-12,31.89,32.48,31.28,31.51,4732979
2021-03-11,32.3,32.8717,31.6901,32.16,6259221
2021-03-10,30.34,32.42,30.34,31.98,7927665
2021-03-09,28.99,30.05,28.2,29.94,7555203
2021-03-08,29.65,30.17,28.4,28.47,4985666
2021-03-05,29.23,30.505,27.41,28.99,7777627
2021-03-04,29.715,30.39,27.3601,28.59,10364263
2021-03-03,28.9,31.37,28.52,30.83,17570191
2021-03-02,26.2,27.86,26.2,27.5,8530319
2021-03-01,25.67,26.38,25.4,25.99,5560293
2021-02-26,24.2,24.98,23.64,24.55,6401507
2021-02-25,27.48,27.8,25.105,25.56,8418821
2021-02-24,25.1,27.29,25.1,27.2,8974303
2021-02-23,23.86,25.09,22.95,24.9,6009773
2021-02-22,23.46,25.475,23.05,24.8,9337074
2021-02-19,21.56,23.34,21.55,23.13,7262321
2021-02-18,22.03,22.26,21.07,21.12,3545632
2021-02-17,22.41,22.675,21.71,21.93,4237009
2021-02-16,22.09,22.62,22.0545,22.43,4264320
2021-02-12,21.09,21.755,20.96,21.66,3306025
2021-02-11,21.51,21.67,20.97,21.39,3865124
2021-02-10,21.58,22.12,21.0524,21.56,5171537
2021-02-09,21.77,22.345,21.66,21.76,5571513
2021-02-08,21.33,21.97,21.29,21.8,8285018
2021-02-05,20.58,20.98,20.22,20.95,5242727
2021-02-04,20.02,20.4459,19.85,20.36,5516652
2021-02-03,19.11,20.18,18.85,19.9,10453664
2021-02-02,19.16,19.375,18.805,19.11,7212550
2021-02-01,18.49,18.89,17.78,18.82,9127432
2021-01-29,18.65,18.8399,17.775,18.0,7772462
2021-01-28,19.1,19.3,18.475,18.5,7028644
2021-01-27,18.69,18.97,17.3,18.66,9215320
2021-01-26,19.6,19.6598,18.55,18.56,5928799
2021-01-25,19.26,19.44,18.58,19.34,7926939
2021-01-22,19.4,20.04,19.17,19.4,11183386
2021-01-21,20.93,21.7,20.0,20.01,22833827
2021-01-20,23.5,23.74,22.64,22.84,5578332
2021-01-19,23.89,24.22,22.86,23.09,5737725
2021-01-15,24.515,24.515,22.96,23.28,5866810
2021-01-14,25.0,25.38,24.8501,25.09,3991370
2021-01-13,25.14,25.15,24.31,24.44,2599874
2021-01-12,24.78,25.45,24.54,25.08,2677660
2021-01-11,23.86,24.9,23.53,24.56,3041869
2021-01-08,25.3,25.47,24.52,24.99,2967826
2021-01-07,25.63,26.2,24.96,25.23,4445458
2021-01-06,24.5,25.66,24.4,25.21,5656874
2021-01-05,23.3,24.12,23.22,23.67,4297930
2021-01-04,23.62,24.45,23.125,23.25,5400324
2020-12-31,23.0,23.43,22.4,23.05,3443724
2020-12-30,22.07,23.18,21.98,22.95,3435025
2020-12-29,22.14,22.34,21.15,22.04,3492994
2020-12-28,22.1,23.02,22.09,22.24,4311561
2020-12-24,22.34,22.34,21.81,21.96,1075501
2020-12-23,21.8,22.66,21.8,22.22,3480750
2020-12-22,22.17,22.22,21.5,21.61,4197039
2020-12-21,21.25,22.24,21.13,22.11,3869440
2020-12-18,22.21,22.61,21.86,22.01,5137275
2020-12-17,22.28,23.21,21.74,22.18,7318439
2020-12-16,22.06,22.13,21.3042,21.58,5423842
2020-12-15,22.115,22.6,21.7582,22.17,4226504
2020-12-14,23.25,23.375,21.682,21.76,6286195
2020-12-11,23.5,23.59,22.16,22.84,6157390
2020-12-10,22.625,24.098,22.53,24.01,4988111
2020-12-09,23.665,24.0,22.0,22.71,7021415
2020-12-08,23.07,23.68,22.9,23.29,5734950
2020-12-07,23.51,23.54,23.03,23.39,6582480
2020-12-04,22.33,24.17,22.33,23.73,7697829
2020-12-03,22.74,22.89,21.96,22.04,5909508
2020-12-02,21.58,22.46,21.3,22.37,5866346
2020-12-01,20.48,22.12,20.46,21.83,8312685
2020-11-30,20.32,20.45,19.65,19.9,4427569
2020-11-27,20.6,21.19,20.265,20.48,3739509
2020-11-25,20.68,20.84,20.26,20.37,5405714
2020-11-24,20.24,21.0,20.025,20.82,6751692
2020-11-23,19.3,20.08,19.24,19.81,7392416
2020-11-20,18.89,19.23,18.6,18.82,4749801
2020-11-19,18.3,18.99,18.19,18.93,5024584
2020-11-18,18.3,18.85,18.3,18.33,6255259
2020-11-17,17.37,18.3,17.11,18.27,5443321
2020-11-16,17.21,17.66,16.76,17.66,6564812
2020-11-13,15.92,16.6298,15.86,16.57,5058820
2020-11-12,15.49,16.1,15.16,15.62,5090151
2020-11-11,16.21,16.3401,15.6849,15.89,5780551
2020-11-10,15.89,16.16,15.51,15.99,4843782
2020-11-09,15.5,16.185,15.11,15.73,8373249
2020-11-06,14.3,14.54,14.0,14.44,4255758
2020-11-05,13.31,14.3,13.31,14.05,5732695
2020-11-04,13.65,13.65,12.86,13.19,6122748
2020-11-03,13.9401,14.13,13.69,13.83,4717116
2020-11-02,13.1,13.7,13.03,13.61,4940788
2020-10-30,12.7,13.032,12.61,12.92,3998321
2020-10-29,12.21,12.79,12.15,12.75,5620866
2020-10-28,12.5,12.63,12.35,12.36,4349777
2020-10-27,12.93,13.215,12.77,13.03,3815534
2020-10-26,13.26,13.37,12.865,13.0,3640636
2020-10-23,13.8,14.14,13.47,13.47,5307324
2020-10-22,13.28,13.67,13.02,13.66,5368251
2020-10-21,12.83,13.6,12.8,13.32,7320878
2020-10-20,12.9,13.1,12.74,12.8,4542602
2020-10-19,12.67,13.22,12.61,12.63,6672158
2020-10-16,12.31,12.66,12.03,12.62,5378026
2020-10-15,11.45,12.44,11.41,12.3,13471681
2020-10-14,12.79,13.14,12.7055,13.0,7484734
2020-10-13,12.44,12.83,12.36,12.72,5930770
2020-10-12,12.59,12.65,12.3494,12.59,5099471
2020-10-09,12.94,12.97,12.25,12.52,8440008
2020-10-08,12.45,12.74,12.38,12.73,4872874
2020-10-07,11.96,12.3,11.96,12.24,3928884
2020-10-06,12.11,12.47,11.66,11.67,7031319
2020-10-05,11.95,12.17,11.835,11.93,5387481
2020-10-02,11.02,11.95,10.98,11.82,5600902
2020-10-01,11.69,11.88,11.29,11.39,6112046
2020-09-30,11.68,12.1,11.56,11.63,5513080
2020-09-29,12.1799,12.1799,11.55,11.67,5180879
2020-09-28,11.83,12.33,11.82,12.24,5121059
2020-09-25,11.5,11.7573,11.3,11.55,6190419
2020-09-24,11.66,11.915,11.39,11.7,3919562
2020-09-23,12.01,12.39,11.57,11.64,5418928
2020-09-22,12.36,12.42,11.89,12.21,4914999
2020-09-21,12.96,13.0899,11.985,12.3,7070388
2020-09-18,13.49,13.805,13.3,13.32,7734461
2020-09-17,13.61,13.64,13.21,13.45,7479512
2020-09-16,13.92,14.08,13.705,13.9,5585966
2020-09-15,14.2,14.39,13.78,13.78,5345890
2020-09-14,14.19,14.22,13.87,14.05,2691561
2020-09-11,13.89,14.28,13.675,13.98,4217426
2020-09-10,14.15,14.34,13.73,13.78,4206090
2020-09-09,14.32,14.4,14.05,14.1,3084124
2020-09-08,14.26,14.555,13.69,14.23,4901863
2020-09-04,14.52,14.67,13.9,14.4,3929632
2020-09-03,14.53,14.78,14.01,14.23,3930760
2020-09-02,14.73,14.87,14.41,14.67,5691182
2020-09-01,14.64,15.18,14.24,15.09,4123171
2020-08-31,15.23,15.23,14.62,14.62,4033212
2020-08-28,15.01,15.18,14.8605,15.12,3144918
2020-08-27,15.22,15.33,14.672,14.84,3246941
2020-08-26,15.09,15.44,15.02,15.07,3158480
2020-08-25,15.12,15.25,14.82,15.05,2363258
2020-08-24,14.85,15.13,14.7,15.12,3171175
2020-08-21,14.91,15.04,14.515,14.6,4326712
2020-08-20,15.04,15.245,14.73,15.19,3140945
2020-08-19,14.8,15.945,14.77,15.31,7297256
2020-08-18,14.62,14.9774,14.57,14.76,4571125
2020-08-17,14.75,14.9,14.36,14.5,2525755
2020-08-14,14.33,14.78,14.18,14.64,2991556
2020-08-13,14.75,15.12,14.42,14.48,4135694
2020-08-12,15.27,15.415,14.82,14.96,3987737
2020-08-11,16.02,16.07,14.83,14.89,7744457
2020-08-10,14.86,16.07,14.84,15.57,8087794
2020-08-07,14.64,14.84,14.23,14.67,6573588
2020-08-06,14.73,15.5,14.3201,14.9,10031558
2020-08-05,14.0,14.8454,14.0,14.68,9437501
2020-08-04,13.61,13.85,13.3,13.67,4871603
2020-08-03,13.08,13.78,12.92,13.68,5888115
2020-07-31,12.92,13.13,12.48,13.0,10357413
2020-07-30,12.83,13.25,12.47,13.18,6616336
2020-07-29,13.0,13.36,12.81,13.18,4758535
2020-07-28,12.97,13.12,12.8,12.91,3546374
2020-07-27,12.81,13.31,12.5331,13.24,4692296
2020-07-24,12.59,12.86,12.3,12.75,4173960
2020-07-23,13.02,13.17,12.62,12.71,5684962
2020-07-22,13.05,13.385,13.0,13.07,4860872
2020-07-21,12.83,13.27,12.81,13.16,5730810
2020-07-20,12.9,13.092,12.71,12.72,4676587
2020-07-17,13.54,13.86,12.78,13.06,9756108
2020-07-16,12.81,13.7,12.75,13.49,16686669
2020-07-15,12.85,12.97,12.125,12.69,11691118
2020-07-14,11.38,12.7,11.24,12.61,11422933
2020-07-13,11.53,11.975,11.465,11.51,7850559
2020-07-10,10.49,11.42,10.431,11.41,7886544
2020-07-09,11.03,11.061,10.46,10.52,8057533
2020-07-08,12.07,12.12,10.89,11.09,12275634
2020-07-07,11.23,11.64,11.11,11.23,4609572
2020-07-06,11.35,11.575,11.02,11.47,7080126
2020-07-02,11.26,11.68,10.86,10.97,7514641
2020-07-01,11.18,11.66,10.9,10.95,7702278
2020-06-30,10.84,11.36,10.745,11.24,5796789
2020-06-29,11.04,11.19,10.7,10.99,7397605
2020-06-26,11.61,11.7,10.87,10.93,25816642
2020-06-25,11.01,11.84,10.86,11.83,6725312
2020-06-24,11.96,12.04,10.9,11.14,7551333
2020-06-23,12.12,12.31,11.93,12.2,7232692
2020-06-22,11.42,11.91,11.33,11.83,7803083
2020-06-19,11.98,12.0,11.34,11.48,8894298
2020-06-18,11.26,11.935,11.13,11.65,6059032
2020-06-17,11.55,11.81,11.38,11.55,6522815
2020-06-16,12.02,12.14,11.38,11.55,9383247
2020-06-15,10.9,11.53,10.68,11.41,6920090
2020-06-12,11.2,11.62,11.045,11.53,10180139
2020-06-11,10.89,11.44,10.27,10.42,11948722
2020-06-10,12.51,12.61,11.93,12.17,8239813
2020-06-09,12.38,12.69,12.07,12.59,7775526
2020-06-08,12.7,13.04,12.3,12.98,11228653
2020-06-05,12.69,13.86,11.57,12.07,18670405
2020-06-04,10.85,11.65,10.575,11.64,11422079
2020-06-03,10.2,10.89,10.085,10.77,8557339
2020-06-02,9.62,10.04,9.62,9.92,6252062
2020-06-01,9.21,9.645,9.15,9.49,5521081
2020-05-29,9.28,9.47,8.97,9.21,7932520
2020-05-28,9.96,10.67,9.41,9.48,15641259
2020-05-27,9.12,9.79,8.925,9.76,11349987
2020-05-26,8.7,8.99,8.615,8.76,8551982
2020-05-22,8.3,8.368,8.02,8.21,4413516
2020-05-21,8.26,8.4,8.03,8.28,9111647
2020-05-20,8.06,8.44,8.055,8.35,10542801
2020-05-19,7.8,8.195,7.66,7.74,10584375
2020-05-18,7.07,7.875,7.01,7.8,12915414
2020-05-15,6.7,6.93,6.62,6.66,6704808
2020-05-14,6.74,7.045,6.38,6.81,8891845
2020-05-13,7.31,7.34,6.87,6.98,8747907
2020-05-12,7.81,7.96,7.27,7.29,8621836
2020-05-11,7.78,7.91,7.66,7.77,8308726
2020-05-08,7.64,8.08,7.48,8.07,11308462
2020-05-07,7.84,8.01,7.36,7.49,10970166
2020-05-06,7.89,7.94,7.585,7.71,6235978
2020-05-05,8.02,8.27,7.72,7.81,8136324
2020-05-04,7.52,7.9,7.34,7.8,6865296
2020-05-01,7.86,8.17,7.575,7.69,9059515
2020-04-30,8.61,8.63,8.06,8.15,10697269
2020-04-29,8.15,8.895,8.15,8.67,12379407
2020-04-28,7.55,8.11,7.38,7.84,12225960
2020-04-27,7.21,7.49,6.99,7.37,9544423
2020-04-24,7.29,7.45,7.015,7.15,11292120
2020-04-23,7.91,8.08,7.235,7.29,20698338
2020-04-22,7.63,7.8,7.33,7.55,8428299
2020-04-21,7.1,7.39,7.06,7.32,6152776
2020-04-20,7.27,7.869,7.26,7.45,7358302
2020-04-17,7.25,7.62,7.23,7.59,10111407
2020-04-16,7.21,7.4,6.79,6.96,7890383
2020-04-15,7.23,7.42,7.01,7.26,8630127
2020-04-14,7.87,8.38,7.62,7.72,10633985
2020-04-13,7.48,7.75,7.12,7.55,9464066
2020-04-09,7.65,8.02,7.22,7.41,13283481
2020-04-08,7.17,7.46,7.02,7.26,7493522
2020-04-07,7.14,7.75,6.96,7.03,16041057
2020-04-06,6.37,6.84,6.25,6.55,9895273
2020-04-03,6.05,6.28,5.78,5.97,7948018
2020-04-02,6.29,6.685,5.92,6.08,10260562
2020-04-01,5.96,6.61,5.71,6.25,10443294
2020-03-31,6.16,6.62,6.06,6.16,12477726
2020-03-30,6.55,6.6,6.0,6.07,9595428
2020-03-27,6.51,6.79,6.05,6.55,10072675
2020-03-26,7.27,7.386,6.73,6.84,11916351
2020-03-25,7.93,7.99,7.01,7.09,12597618
2020-03-24,6.24,7.48,6.2,7.27,15129026
2020-03-23,5.5,5.945,5.16,5.67,6996032
2020-03-20,6.07,6.17,5.43,5.48,9949023
2020-03-19,5.76,6.15,5.2,5.83,6170829
2020-03-18,6.53,6.68,5.27,5.75,9261455
2020-03-17,7.12,7.25,6.61,7.0,8053264
2020-03-16,6.94,7.67,6.73,6.82,7318389
2020-03-13,8.08,8.35,7.16,8.0,7286316
2020-03-12,8.35,8.35,7.24,7.51,12652313
2020-03-11,8.85,9.23,8.3,9.2,9441542
2020-03-10,9.33,9.42,8.55,9.26,10347671
2020-03-09,9.62,10.11,8.61,8.69,9981687
2020-03-06,11.36,11.77,10.8,11.01,10561455
2020-03-05,12.47,12.61,11.675,11.89,12833874
2020-03-04,13.17,13.19,12.58,12.88,7369769
2020-03-03,13.67,14.04,12.705,12.94,10020055
2020-03-02,14.02,14.03,13.11,13.73,6784053
2020-02-28,12.84,13.91,12.83,13.87,6812864
2020-02-27,13.76,14.11,13.1,13.46,7003735
2020-02-26,14.64,14.84,14.11,14.12,4796207
2020-02-25,15.48,15.52,14.3,14.5,6274804
2020-02-24,15.21,15.42,14.978,15.36,5444665
2020-02-21,16.01,16.299,15.92,16.1,5528218
2020-02-20,16.65,16.72,16.07,16.1,7678457
2020-02-19,16.04,16.8,16.04,16.7,8724446
2020-02-18,15.54,15.98,15.46,15.98,3164802
2020-02-14,15.8,15.93,15.42,15.67,4292107
2020-02-13,15.56,15.775,15.45,15.75,2810255
2020-02-12,15.96,16.205,15.61,15.76,3893450
2020-02-11,15.57,16.21,15.54,15.74,4580420
2020-02-10,15.31,15.59,15.15,15.42,4000172
2020-02-07,15.63,15.7,15.36,15.55,5058136
2020-02-06,16.1,16.1,15.64,15.92,6281592
2020-02-05,15.31,15.89,15.175,15.81,8182010
2020-02-04,14.46,14.945,14.24,14.7,7441851
2020-02-03,14.01,14.42,13.91,14.24,7227374
2020-01-31,14.01,14.24,13.62,13.95,9931428
2020-01-30,14.28,14.41,13.81,14.29,10567817
2020-01-29,14.83,14.874,14.35,14.5,5276924
2020-01-28,15.1,15.25,14.65,14.71,7368773
2020-01-27,15.01,15.325,14.8,14.87,6588742
2020-01-24,16.3,16.32,15.355,15.51,7811861
2020-01-23,16.37,16.41,15.94,16.29,7353090
2020-01-22,17.07,17.12,16.5,16.59,12839324
2020-01-21,17.58,17.62,17.1,17.12,6597004
2020-01-17,18.06,18.25,17.51,17.69,9059969
2020-01-16,19.42,19.61,17.73,17.78,22009552
2020-01-15,20.33,20.48,20.045,20.18,5582238
2020-01-14,19.73,20.54,19.68,20.37,4218782
2020-01-13,19.39,19.86,19.15,19.61,6202702
2020-01-10,19.9,19.94,19.34,19.45,5059213
2020-01-09,20.46,20.52,19.73,19.81,5700743
2020-01-08,21.3,21.39,20.4,20.46,3706294
2020-01-07,21.06,21.545,20.99,21.32,4986884
2020-01-06,21.34,21.45,20.9,21.0,3060425
2020-01-03,21.17,21.61,21.15,21.5,3011797
2020-01-02,21.86,21.86,21.315,21.42,3062476
2019-12-31,21.37,21.67,21.26,21.51,2288528
2019-12-30,21.7,21.7,21.3,21.34,2299182
2019-12-27,21.41,21.78,21.33,21.58,2454976
2019-12-26,21.5,21.7,21.245,21.45,4729196
2019-12-24,21.61,21.92,21.47,21.58,1092171
2019-12-23,21.3,21.55,21.26,21.48,2262235
2019-12-20,21.58,21.65,20.98,21.23,5139823
2019-12-19,21.1,21.665,21.0,21.47,4766861
2019-12-18,20.6,21.035,20.5,20.95,5129765
2019-12-17,20.82,20.945,20.52,20.71,3503762
2019-12-16,20.99,21.395,20.88,20.98,3211811
2019-12-13,21.42,21.59,20.59,20.69,4333826
2019-12-12,20.4,21.34,20.31,21.26,3443233
2019-12-11,20.55,20.92,20.46,20.65,2530231
2019-12-10,20.22,20.72,20.19,20.65,3175817
2019-12-09,20.67,20.81,20.12,20.25,5420594
2019-12-06,20.13,20.9,20.06,20.6,5272687
2019-12-05,19.86,20.01,19.75,19.87,4065898
2019-12-04,19.97,20.15,19.76,19.76,4574759
2019-12-03,19.97,20.01,19.52,19.79,3053712
2019-12-02,20.47,20.96,20.33,20.33,2589317
2019-11-29,20.43,20.47,20.158,20.35,1223254
2019-11-27,20.29,20.6,20.18,20.6,2292614
2019-11-26,20.41,20.51,20.14,20.26,2750546
2019-11-25,20.75,20.9,20.4,20.44,2797231
2019-11-22,20.39,20.945,20.39,20.56,4425247
2019-11-21,20.43,20.7,20.105,20.15,2489767
2019-11-20,20.4,20.98,20.23,20.37,2535876
2019-11-19,21.03,21.032,20.44,20.57,2341855
2019-11-18,20.62,20.82,20.0,20.76,3617833
2019-11-15,21.0,21.25,20.435,20.89,3304818
2019-11-14,21.05,21.4,20.71,20.99,2919579
2019-11-13,21.53,21.82,20.98,21.22,4484026
2019-11-12,22.33,23.02,22.06,22.18,3104644
2019-11-11,22.15,22.31,21.684,22.22,3188730
2019-11-08,22.38,22.95,22.25,22.53,4687473
2019-11-07,22.4,23.065,22.3,22.56,4820150
2019-11-06,22.41,22.62,21.89,21.9,2468014
2019-11-05,23.2,23.465,22.55,22.59,5240836
2019-11-04,22.28,22.985,22.02,22.91,3836831
2019-11-01,21.03,22.06,21.0,21.87,5474085
2019-10-31,20.94,21.3,20.36,20.79,5482996
2019-10-30,21.3,21.345,20.775,21.29,3719141
2019-10-29,21.45,21.73,21.05,21.6,2445585
2019-10-28,21.22,21.77,21.19,21.52,2825835
2019-10-25,20.68,21.2,20.6,21.02,5929205
2019-10-24,21.34,21.57,20.445,20.74,4203898
2019-10-23,20.81,21.39,20.81,21.28,3167597
2019-10-22,20.45,21.03,19.92,20.73,4205646
2019-10-21,21.57,21.66,20.45,20.47,6354327
2019-10-18,20.66,21.64,20.34,21.54,6208991
2019-10-17,20.55,21.63,20.03,20.3,9110334
2019-10-16,19.25,19.96,19.16,19.16,7556383
2019-10-15,19.11,19.813,18.961,19.46,7577801
2019-10-14,19.02,19.44,18.78,19.17,5807314
2019-10-11,19.16,19.5,18.97,19.28,6001302
2019-10-10,18.64,18.994,18.42,18.69,3447920
2019-10-09,18.75,18.82,18.186,18.41,3187287
2019-10-08,18.9,19.01,18.47,18.49,3549623
2019-10-07,19.41,19.775,19.19,19.25,2624581
2019-10-04,19.1,19.49,18.94,19.45,2751359
2019-10-03,19.13,19.34,18.68,19.05,3509840
2019-10-02,19.42,19.55,18.82,19.3,3080326
2019-10-01,20.19,20.87,19.7,19.86,3252310
2019-09-30,20.53,20.55,19.95,20.07,3282303
2019-09-27,21.08,21.23,20.43,20.61,3087877
2019-09-26,21.19,21.23,20.59,20.99,2260516
2019-09-25,20.48,21.56,20.38,21.5,3353595
2019-09-24,21.07,21.44,20.42,20.62,3727529
2019-09-23,20.66,21.707,20.44,21.3,3529161
2019-09-20,22.04,22.096,21.5,21.7,5091900
2019-09-19,21.3,22.21,21.3,21.94,2992223
2019-09-18,21.79,22.0,21.369,21.67,4160721
2019-09-17,22.0,22.35,21.55,22.03,3663032
2019-09-16,22.56,22.87,22.38,22.56,2864488
2019-09-13,22.95,23.325,22.7,22.89,4218891
2019-09-12,22.03,22.82,21.38,22.56,5141552
2019-09-11,21.35,22.28,20.7,22.18,6256674
2019-09-10,20.39,20.89,19.85,20.83,3213117
2019-09-09,19.27,20.42,19.27,20.3,4241617
2019-09-06,19.52,19.64,18.98,19.11,2970575
2019-09-05,18.71,19.765,18.7,19.62,5547247
2019-09-04,18.02,18.39,17.96,18.28,2573220
2019-09-03,17.63,17.7,17.09,17.61,2604541
2019-08-30,17.94,18.17,17.71,17.93,2095399
2019-08-29,17.32,17.98,17.263,17.8,3069428
2019-08-28,16.58,17.28,16.46,17.01,2916655
2019-08-27,17.31,17.37,16.68,16.73,2376852
2019-08-26,17.73,17.73,17.09,17.17,3110957
2019-08-23,17.83,18.0,17.31,17.48,3236669
2019-08-22,18.46,18.545,17.905,18.05,2999286
2019-08-21,18.67,19.01,18.46,18.47,3383098
2019-08-20,18.12,18.4,18.064,18.31,2954053
2019-08-19,17.84,18.37,17.81,18.23,3505041
2019-08-16,17.04,17.63,17.04,17.52,4273197
2019-08-15,17.6,17.74,16.681,16.92,3973308
2019-08-14,18.35,18.41,17.5,17.5,5541490
2019-08-13,18.5,19.52,18.33,19.11,4429032
2019-08-12,19.03,19.05,18.39,18.52,3367618
2019-08-09,19.85,19.96,19.16,19.21,3068448
2019-08-08,19.79,20.24,19.68,20.12,2980755
2019-08-07,19.53,19.63,19.15,19.58,2949029
2019-08-06,20.22,20.35,19.35,19.89,3781055
2019-08-05,20.22,20.266,19.54,20.15,3982154
2019-08-02,21.15,21.325,20.31,20.71,3516620
2019-08-01,22.27,22.45,21.0,21.33,4783924
2019-07-31,23.05,23.24,22.42,22.49,2763826
2019-07-30,22.9,23.04,22.575,23.04,2865586
2019-07-29,23.06,23.57,22.9,23.12,2393866
2019-07-26,22.85,23.3,22.63,23.13,2506673
2019-07-25,23.48,23.63,22.6,22.85,3893072
2019-07-24,22.93,23.6,22.835,23.56,2951330
2019-07-23,23.16,23.56,22.86,22.95,3088480
2019-07-22,23.18,23.39,22.695,22.98,3719205
2019-07-19,23.36,23.78,22.87,23.11,4645461
2019-07-18,22.9,24.63,22.52,23.41,10698368
2019-07-17,23.32,23.37,22.82,23.15,3304831
2019-07-16,23.25,23.925,23.09,23.32,2881522
2019-07-15,22.78,23.23,22.68,23.17,3320942
2019-07-12,22.51,22.81,22.365,22.6,2217149
2019-07-11,22.31,22.595,21.98,22.5,3323593
2019-07-10,22.46,22.955,22.14,22.61,3424999
2019-07-09,21.7,22.25,21.16,22.22,4720944
2019-07-08,22.94,23.11,22.21,22.3,3451253
2019-07-05,22.25,23.245,22.22,23.13,2291925
2019-07-03,23.23,23.44,22.365,22.7,3189190
2019-07-02,22.93,23.485,22.66,23.3,3258978
2019-07-01,23.67,23.85,22.78,22.92,3421871
2019-06-28,23.1,23.42,22.85,23.41,2910116
2019-06-27,23.28,23.39,22.915,23.13,2625345
2019-06-26,22.77,23.385,22.67,23.21,2578508
2019-06-25,22.23,22.86,21.95,22.55,2568314
2019-06-24,22.53,22.693,22.16,22.22,2198476
2019-06-21,22.59,22.74,22.18,22.6,2947678
2019-06-20,23.06,23.25,22.46,22.51,2519585
2019-06-19,22.67,23.03,22.3,22.4,2708118
2019-06-18,22.03,23.09,21.68,22.54,4551096
2019-06-17,21.53,21.99,21.2,21.65,3228856
2019-06-14,21.5,22.14,21.3,21.73,3210693
2019-06-13,21.31,21.902,21.1,21.8,2923801
2019-06-12,21.5,21.64,21.08,21.17,2638542
2019-06-11,22.4,22.5,21.66,21.67,3015195
2019-06-10,21.59,22.1128,21.56,21.58,3989884
2019-06-07,21.53,21.63,20.92,21.44,3970859
2019-06-06,21.45,21.98,21.21,21.57,4244678
2019-06-05,22.02,22.05,21.04,21.37,5820479
2019-06-04,21.67,22.23,21.48,21.89,3593527
2019-06-03,21.05,21.67,20.82,21.51,3181047
2019-05-31,21.26,21.37,21.02,21.19,2720980
2019-05-30,22.41,22.47,21.5,21.62,3409992
2019-05-29,22.23,22.51,21.95,22.46,2260972
2019-05-28,23.04,23.12,22.415,22.55,3632871
2019-05-24,23.45,23.6,22.97,23.01,3783350
2019-05-23,23.9,23.9,23.066,23.24,3338134
2019-05-22,24.6,24.75,24.04,24.24,2198802
2019-05-21,24.29,24.865,23.89,24.74,2769550
2019-05-20,24.33,24.88,23.85,23.99,3289158
2019-05-17,24.6,25.0,24.35,24.5,3227229
2019-05-16,25.13,25.235,24.67,24.98,2237916
2019-05-15,24.64,25.14,24.533,25.01,2739687
2019-05-14,24.79,25.47,24.7,25.01,4318486
2019-05-13,24.33,24.65,23.97,24.54,4366983
2019-05-10,24.73,25.31,24.27,25.04,3551071
2019-05-09,24.4,24.9,23.88,24.81,2633776
2019-05-08,25.03,25.43,24.67,24.69,3303995
2019-05-07,25.61,25.72,25.0,25.18,4020345
2019-05-06,25.95,26.0,25.28,25.91,4081509
2019-05-03,26.23,26.83,26.05,26.68,3376187
2019-05-02,25.88,26.38,25.719,25.93,2917145
2019-05-01,26.7,27.1,25.98,26.0,3682363
2019-04-30,26.71,27.02,26.37,26.68,3269968
2019-04-29,26.82,26.94,26.48,26.85,2298626
2019-04-26,27.05,27.25,26.84,26.91,2257674
2019-04-25,28.04,28.04,27.01,27.11,3153435
2019-04-24,28.49,28.54,27.75,28.12,3391188
2019-04-23,28.08,28.92,28.08,28.53,4784786
2019-04-22,26.52,28.24,26.52,28.14,6241169
2019-04-18,27.36,27.41,25.71,26.66,9476158
2019-04-17,27.98,28.59,27.67,27.72,5015985
2019-04-16,27.8,27.96,27.4,27.72,4094310
2019-04-15,28.38,28.4,27.57,27.74,4164840
2019-04-12,28.9,29.2,28.25,28.29,2752760
2019-04-11,28.85,29.11,28.3,28.49,3409943
2019-04-10,29.21,29.34,28.88,29.15,2598120
2019-04-09,29.38,29.5,28.93,29.1,2355477
2019-04-08,29.55,29.73,29.32,29.66,2375490
2019-04-05,29.4,29.69,29.09,29.55,3018557
2019-04-04,28.6,29.34,28.38,29.29,2654923
2019-04-03,28.45,28.87,28.31,28.69,4678230
2019-04-02,29.13,29.29,28.18,28.54,3838794
2019-04-01,28.68,29.67,28.53,29.46,3880402
2019-03-29,28.28,28.8,28.01,28.16,3382533
2019-03-28,28.05,28.05,27.385,27.99,2553095
2019-03-27,27.9,27.985,27.22,27.91,2523325
2019-03-26,28.14,28.5,27.27,27.54,4287196
2019-03-25,28.12,28.56,27.77,28.02,2871122
2019-03-22,29.1,29.27,27.8,28.12,3356052
2019-03-21,28.54,29.53,28.5,29.41,3234813
2019-03-20,28.5,29.12,27.69,28.79,3381804
2019-03-19,29.03,29.32,28.49,28.62,2459658
2019-03-18,28.0,28.86,27.927,28.64,3522157
2019-03-15,27.87,28.53,27.74,27.84,2936837
2019-03-14,28.79,28.84,27.81,27.89,3701376
2019-03-13,28.62,29.32,28.56,28.98,3670381
2019-03-12,27.73,28.59,27.6,28.44,3112615
2019-03-11,26.76,27.57,26.73,27.52,3497718
2019-03-08,26.93,27.16,26.51,26.82,2864338
2019-03-07,28.16,28.3,27.31,27.36,3102396
2019-03-06,29.06,29.155,28.14,28.25,2466049
2019-03-05,29.07,29.31,28.76,29.2,1890970
2019-03-04,29.91,29.97,28.73,29.16,2690930
2019-03-01,29.68,30.2,29.35,29.66,2187712
2019-02-28,31.02,31.02,29.33,29.5,3660477
2019-02-27,31.07,31.45,30.79,30.98,2880061
2019-02-26,30.7,31.27,30.48,30.85,3723632
2019-02-25,30.47,30.87,30.39,30.78,3937574
2019-02-22,29.88,30.48,29.36,30.17,3197583
2019-02-21,29.2,29.9,29.13,29.58,3983927
2019-02-20,28.39,29.595,28.34,29.24,6520035
2019-02-19,28.21,28.4,28.1,28.21,3029489
2019-02-15,28.71,28.93,28.2,28.27,3407760
2019-02-14,28.73,28.75,28.15,28.2,3196631
2019-02-13,28.81,29.55,28.7,29.05,4566949
2019-02-12,28.33,28.69,27.95,28.4,3021652
2019-02-11,27.55,28.12,27.26,27.97,3448110
2019-02-08,27.12,27.68,26.51,27.65,4784908
2019-02-07,28.38,28.49,27.062,27.29,4955683
2019-02-06,29.01,29.3,28.51,28.55,2923711
2019-02-05,29.0,29.497,28.91,29.07,2749654
2019-02-04,28.43,29.19,28.351,29.09,2337192
2019-02-01,29.7,30.07,28.27,28.6,5042238
2019-01-31,29.28,30.265,29.15,29.68,6466866
2019-01-30,29.1,29.82,28.67,29.59,6502712
2019-01-29,28.27,29.565,28.163,28.75,3566031
2019-01-28,28.74,28.83,27.81,27.98,3538096
2019-01-25,28.42,29.515,28.16,29.02,6607687
2019-01-24,28.15,28.53,27.66,27.96,3021970
2019-01-23,28.15,28.66,27.845,28.3,4392910
2019-01-22,29.0,29.0,27.53,27.81,5027047
2019-01-18,29.92,30.1,29.1,29.27,6601167
2019-01-17,28.21,30.28,27.51,29.59,12073084
2019-01-16,29.19,29.33,28.16,28.98,9242882
2019-01-15,28.94,29.47,28.587,28.9,3770926
2019-01-14,29.06,29.17,27.89,28.79,4035562
2019-01-11,28.72,28.88,27.96,28.55,3838416
2019-01-10,28.69,29.01,28.48,28.98,2351574
2019-01-09,28.6,29.28,28.24,29.1,2372468
2019-01-08,28.73,28.847,27.65,28.25,2218300
2019-01-07,28.53,28.91,28.146,28.42,2440950
2019-01-04,26.84,28.61,26.65,28.34,5653659
2019-01-03,26.12,26.85,25.53,26.24,2979941
2019-01-02,25.955,26.847,25.48,26.24,3066951
2018-12-31,26.75,27.07,25.95,26.58,2402623
2018-12-28,27.09,27.265,26.24,26.6,3010472
2018-12-27,26.41,27.16,25.788,27.16,3036550
2018-12-26,25.31,27.2,25.01,27.14,3237138
2018-12-24,26.27,26.27,25.08,25.15,1926924
2018-12-21,27.33,27.43,26.19,26.39,4323627
2018-12-20,27.66,27.78,26.29,27.33,4942492
2018-12-19,28.32,29.43,27.04,27.61,4941736
2018-12-18,28.12,28.66,28.09,28.24,2108003
2018-12-17,28.5,29.02,27.835,28.11,2186589
2018-12-14,28.51,29.59,28.41,28.61,3358975
2018-12-13,29.27,29.313,28.52,29.1,2557680
2018-12-12,28.89,29.99,28.82,29.24,3116759
2018-12-11,29.16,29.44,28.33,28.43,2490557
2018-12-10,28.64,29.14,27.85,28.32,2915624
2018-12-07,30.15,30.21,28.68,28.82,3383928
2018-12-06,29.66,29.68,28.12,29.65,4244173
2018-12-04,32.11,32.19,30.27,30.4,3037998
2018-12-03,32.9,33.469,31.78,32.05,2946108
2018-11-30,31.04,32.46,30.942,31.81,5353834
2018-11-29,33.45,33.48,30.979,30.99,8105526
2018-11-28,31.35,34.17,30.96,33.6,5636661
2018-11-27,32.14,32.35,30.95,31.19,2964927
2018-11-26,32.4,32.86,32.01,32.57,2348223
2018-11-23,32.05,32.58,31.63,32.31,1346631
2018-11-21,33.2,33.39,32.71,32.8,1697161
2018-11-20,32.42,33.2,31.98,32.68,2938346
2018-11-19,35.81,35.995,32.25,33.49,4603108
2018-11-16,35.85,36.72,35.72,35.95,3092050
2018-11-15,35.09,36.16,34.8,35.94,2535829
2018-11-14,34.91,35.6,34.25,35.15,2872968
2018-11-13,33.69,35.36,33.26,34.72,4016944
2018-11-12,34.22,34.57,33.48,33.73,2422913
2018-11-09,35.97,36.15,33.82,34.36,4278967
2018-11-08,36.86,37.94,36.16,36.38,3764117
2018-11-07,36.74,37.33,36.12,36.83,3267911
2018-11-06,36.1,36.58,35.68,36.19,2417778
2018-11-05,36.84,37.166,36.381,36.6,1774657
2018-11-02,37.0,37.69,36.41,36.93,2690040
2018-11-01,35.44,36.88,35.24,36.78,2756298
2018-10-31,34.82,35.821,34.6,34.99,3380700
2018-10-30,33.65,34.48,33.413,34.15,2193447
2018-10-29,34.6,35.12,33.4,33.82,2219637
2018-10-26,33.84,34.99,33.08,34.25,3944718
2018-10-25,34.56,35.19,33.88,34.56,3200370
2018-10-24,37.12,37.35,34.04,34.2,4897217
2018-10-23,38.87,38.97,37.07,37.32,3192870
2018-10-22,38.72,39.76,38.64,39.46,3141059
2018-10-19,38.9,39.15,37.9,38.6,5061831
2018-10-18,38.61,40.68,38.6,38.85,13826704
2018-10-17,36.38,36.71,35.56,36.7,7398566
2018-10-16,35.48,36.295,35.3,36.19,2686752
2018-10-15,35.47,35.88,35.31,35.34,2439871
2018-10-12,36.39,36.55,35.59,35.67,2848507
2018-10-11,35.8,36.22,35.13,35.67,3505402
2018-10-10,37.31,37.45,35.97,36.06,4374437
2018-10-09,38.48,38.73,37.405,37.64,5164752
2018-10-08,41.0,41.01,38.27,38.74,7466689
2018-10-05,42.64,42.65,41.6,42.06,4314191
2018-10-04,43.35,43.73,42.53,43.11,6420388
2018-10-03,44.7,45.45,42.51,42.89,14417669
2018-10-02,40.96,41.86,40.86,41.56,4589918
2018-10-01,40.75,40.96,39.88,40.86,3624890
2018-09-28,40.54,41.355,40.24,40.4,3755733
2018-09-27,40.38,40.81,40.08,40.5,2842787
2018-09-26,41.3,41.3,39.58,40.48,7849621
2018-09-25,41.65,41.94,40.6,41.24,5152113
2018-09-24,43.01,43.69,41.91,41.96,4054270
2018-09-21,43.36,44.0,42.92,43.79,4939859
2018-09-20,43.39,43.58,42.38,42.93,4026319
2018-09-19,43.05,43.12,42.13,42.63,3010275
2018-09-18,43.49,43.8,42.73,43.12,2707093
2018-09-17,42.5,43.5,42.5,42.83,3015536
2018-09-14,41.81,42.91,41.81,42.79,2731442
2018-09-13,42.51,42.88,41.56,41.77,2609003
2018-09-12,41.31,42.04,40.32,42.02,4466893
2018-09-11,41.19,41.385,40.5662,40.87,3718963
2018-09-10,42.09,42.69,41.64,42.01,3405903
2018-09-07,40.5,41.822,40.1,41.0,5305166
2018-09-06,42.9,42.93,40.12,40.36,6537246
2018-09-05,43.17,43.226,41.63,42.87,3340740
2018-09-04,43.88,43.919,43.1,43.36,2045096
2018-08-31,44.1,45.04,44.04,44.67,2028645
2018-08-30,44.99,45.17,44.305,44.37,3086353
2018-08-29,44.12,45.47,44.04,45.13,2554184
2018-08-28,44.49,45.65,44.0,44.25,3837152
2018-08-27,43.41,44.35,43.41,43.87,2358878
2018-08-24,42.71,43.53,42.18,43.44,4630511
2018-08-23,42.5,42.73,41.89,42.02,2812973
2018-08-22,43.2,43.79,43.12,43.22,2037865
2018-08-21,41.88,43.22,41.88,43.03,3095888
2018-08-20,42.57,42.87,41.71,41.83,2730865
2018-08-17,41.42,42.24,41.09,42.03,2264910
2018-08-16,41.25,42.24,41.25,41.45,3398916
2018-08-15,43.18,43.37,40.69,40.88,5392395
2018-08-14,44.36,44.56,43.76,44.13,3399519
2018-08-13,44.95,44.95,44.01,44.45,4337588
2018-08-10,42.45,45.17,42.05,44.98,7608234
2018-08-09,44.27,44.4,42.81,42.99,3058372
2018-08-08,42.0,44.32,41.945,43.7,6489177
2018-08-07,43.21,43.4,41.9,41.97,2887866
2018-08-06,42.53,42.98,42.21,42.72,3233414
2018-08-03,42.54,43.3,42.31,42.72,2101762
2018-08-02,41.63,42.75,41.46,42.48,2571736
2018-08-01,43.01,43.01,41.9,42.04,3886643
2018-07-31,42.68,43.61,42.655,43.27,2557641
2018-07-30,43.38,43.68,42.32,42.58,2704072
2018-07-27,42.86,43.48,42.363,43.22,3978849
2018-07-26,42.7,43.46,42.05,42.82,3023653
2018-07-25,42.1,43.245,41.645,43.11,5664928
2018-07-24,42.35,43.1,42.0,42.49,8243913
2018-07-23,40.86,41.82,40.08,41.33,7709803
2018-07-20,41.53,41.55,40.03,40.32,9855642
2018-07-19,45.75,46.3,41.025,41.56,19926754
2018-07-18,47.98,48.75,47.32,47.96,3937718
2018-07-17,47.4,48.29,47.395,48.02,2203008
2018-07-16,47.54,48.08,46.76,47.41,2714124
2018-07-13,47.68,47.85,47.02,47.26,1350412
2018-07-12,48.1,48.287,47.15,47.4,1896637
2018-07-11,46.91,48.3,46.59,48.06,2847293
2018-07-10,48.05,48.87,47.518,47.89,2234801
2018-07-09,47.94,48.56,47.57,48.29,2370238
2018-07-06,46.49,47.245,46.02,47.14,2184835
2018-07-05,46.26,47.5,46.17,46.88,2250977
2018-07-03,46.34,46.9,45.51,45.8,1251283
2018-07-02,46.46,47.29,45.49,45.88,2150764
2018-06-29,46.19,47.32,46.088,46.88,3118855
2018-06-28,45.23,46.68,45.074,46.47,2272953
2018-06-27,45.68,47.05,45.47,45.74,2468646
2018-06-26,44.51,45.96,44.08,45.8,3918181
2018-06-25,45.13,45.13,43.59,44.26,2281908
2018-06-22,45.45,45.78,45.26,45.56,3383121
2018-06-21,45.01,45.429,44.57,44.81,2251182
2018-06-20,44.88,45.43,44.33,45.27,2160543
2018-06-19,44.63,44.63,43.35,44.47,3320095
2018-06-18,45.01,45.87,45.0,45.78,2835721
2018-06-15,47.4,47.4,45.03,45.34,4962449
2018-06-14,48.44,48.645,47.64,47.84,2167992
2018-06-13,49.34,49.49,48.28,48.35,2589351
2018-06-12,49.98,50.13,49.11,49.29,1561916
2018-06-11,48.5,50.59,48.18,49.92,4973497
2018-06-08,49.01,49.49,48.44,48.52,2299265
2018-06-07,50.04,50.12,48.542,49.19,4036842
2018-06-06,49.89,50.19,49.17,50.13,2873374
2018-06-05,48.62,49.5,48.42,49.45,2433970
2018-06-04,48.13,48.82,48.13,48.46,2229504
2018-06-01,48.39,48.62,47.47,47.64,2442152
2018-05-31,49.98,50.43,47.81,48.07,4026868
2018-05-30,48.11,48.66,47.5,48.54,1681243
2018-05-29,47.57,47.95,46.82,47.3,1973444
2018-05-25,48.74,48.825,47.66,47.93,3553470
2018-05-24,48.62,49.44,48.55,49.15,1867241
2018-05-23,49.26,49.38,48.31,48.57,2276141
2018-05-22,50.68,50.9,49.6,49.69,3607805
2018-05-21,51.2,51.2,50.15,50.37,2446551
2018-05-18,50.53,51.05,50.35,50.83,3011306
2018-05-17,49.83,51.09,49.83,50.71,2887631
2018-05-16,50.54,50.675,49.54,50.19,5433326
2018-05-15,51.79,51.95,50.4,50.54,6216324
2018-05-14,54.38,54.515,51.92,52.33,4377313
2018-05-11,53.79,54.25,53.37,53.96,3978772
2018-05-10,53.4,54.01,53.09,53.79,3321925
2018-05-09,53.72,54.13,53.18,53.49,3647512
2018-05-08,54.26,54.65,53.44,53.76,2756129
2018-05-07,54.8,55.38,54.32,54.55,3891589
2018-05-04,53.04,54.46,52.65,54.39,2598700
2018-05-03,52.83,53.76,52.634,53.28,4050792
2018-05-02,52.45,53.5,52.21,53.07,3375521
2018-05-01,51.04,52.43,50.11,51.99,2526305
2018-04-30,51.4,51.87,51.05,51.2,2749820
2018-04-27,52.56,52.99,51.1,51.6,4355251
2018-04-26,54.25,55.08,52.401,52.94,5842605
2018-04-25,50.59,52.43,49.97,51.95,4760378
2018-04-24,51.47,52.2,49.9,50.82,7258060
2018-04-23,54.56,54.91,51.5,51.9,13132495
2018-04-20,59.82,60.14,57.49,60.01,7635803
2018-04-19,60.54,62.35,59.56,60.23,11779224
2018-04-18,58.26,60.28,57.25,59.4,8700598
2018-04-17,55.37,57.488,54.76,57.08,6077405
2018-04-16,55.55,56.5,54.405,55.03,5572963
2018-04-13,54.95,55.38,54.27,54.96,2685759
2018-04-12,53.7,55.332,53.17,54.47,5726282
2018-04-11,53.8,54.89,52.65,53.97,5434621
2018-04-10,51.8,55.18,51.65,54.08,8973514
2018-04-09,49.78,52.02,49.32,50.62,6810025
2018-04-06,47.18,48.74,47.1,48.05,4066842
2018-04-05,47.2,48.73,47.15,47.61,2979005
2018-04-04,44.4,47.07,44.21,46.92,3667535
2018-04-03,44.63,45.9,44.63,45.35,2914982
2018-04-02,44.86,46.12,43.8,44.34,2139615
2018-03-29,44.74,45.663,44.5,44.96,2279233
2018-03-28,44.51,44.92,43.686,44.42,1661695
2018-03-27,46.25,46.49,44.635,44.9,2889304
2018-03-26,45.26,46.53,44.27,45.77,5152476
2018-03-23,45.17,46.0,44.6,44.71,3221848
2018-03-22,47.4,48.089,44.86,44.92,4312329
2018-03-21,46.42,48.062,46.31,47.95,2104409
2018-03-20,46.37,47.06,46.05,46.47,1506443
2018-03-19,47.03,47.68,45.76,46.36,2498132
2018-03-16,46.8,47.919,46.74,47.23,2815649
2018-03-15,46.45,47.13,45.71,46.93,2998802
2018-03-14,49.09,49.43,46.21,46.57,3696049
2018-03-13,48.43,49.85,48.43,48.59,2738974
2018-03-12,48.01,48.68,47.91,48.36,1489039
2018-03-09,48.05,48.59,47.23,47.86,2761992
2018-03-08,47.88,48.73,46.545,47.47,3105316
2018-03-07,46.6,48.26,46.401,47.88,3654749
2018-03-06,46.19,47.52,46.03,46.99,4431167
2018-03-05,45.18,46.46,44.85,45.65,4587974
2018-03-02,44.72,46.18,44.14,45.54,3707749
2018-03-01,45.93,46.44,44.58,45.07,6501728
2018-02-28,46.25,46.84,44.94,44.97,2829506
2018-02-27,46.5,47.17,45.657,46.22,3223727
2018-02-26,47.42,47.58,46.14,46.68,3553755
2018-02-23,48.06,48.14,46.584,46.7,3083368
2018-02-22,48.01,48.4,46.83,48.01,4217919
2018-02-21,48.21,48.95,47.23,47.55,3185582
2018-02-20,46.84,48.74,46.76,48.07,4581817
2018-02-16,47.5,50.18,46.52,47.36,8372208
2018-02-15,48.99,48.99,46.19,47.57,5101632
2018-02-14,46.71,48.65,46.52,48.54,2427324
2018-02-13,46.39,47.98,46.12,47.3,2805323
2018-02-12,46.05,47.13,45.77,46.65,3495865
2018-02-09,46.54,47.06,44.15,45.92,4569076
2018-02-08,47.81,48.24,45.53,45.98,3896943
2018-02-07,49.23,49.42,47.67,47.7,3175247
2018-02-06,47.44,50.2,47.28,49.43,3140711
2018-02-05,48.61,50.75,47.8,48.46,3861760
2018-02-02,52.0,52.0,49.0,49.09,6057643
2018-02-01,51.41,52.5,51.27,52.42,3175232
2018-01-31,52.75,53.36,51.25,52.02,4470149
2018-01-30,53.67,53.97,52.52,52.52,3612659
2018-01-29,53.89,54.63,53.52,54.49,4630861
2018-01-26,53.55,54.4,53.28,54.0,2745616
2018-01-25,53.74,53.89,52.72,53.11,3744040
2018-01-24,52.9,53.853,52.39,53.3,2520675
2018-01-23,52.34,52.9,51.73,52.49,4883081
2018-01-22,52.8,53.9,52.261,52.94,4174194
2018-01-19,52.86,53.68,52.55,53.1,5753662
2018-01-18,53.67,53.87,51.72,53.0,19419475
2018-01-17,56.03,57.04,55.58,56.99,7635962
2018-01-16,56.09,57.04,55.46,56.24,3824593
2018-01-12,57.05,57.5,56.11,56.76,4191608
2018-01-11,56.6,57.13,55.87,56.91,2725478
2018-01-10,54.37,56.26,54.23,56.17,5004005
2018-01-09,55.0,55.08,54.0,54.2,3532952
2018-01-08,53.96,56.15,53.66,55.0,5028059
2018-01-05,54.65,54.66,53.41,54.09,3370371
2018-01-04,54.81,55.43,54.075,54.7,3555120
2018-01-03,54.92,55.15,52.96,54.5,4097542
2018-01-02,54.06,55.22,53.91,55.17,2928905
2017-12-29,54.0,54.61,53.52,53.87,5170353
2017-12-28,52.05,54.2,52.021,54.14,5696354
2017-12-27,50.55,51.93,50.2,51.84,2959469
2017-12-26,49.98,50.5,49.21,50.38,2750631
2017-12-22,49.27,50.04,48.81,49.99,2427508
2017-12-21,49.285,49.68,48.77,48.99,3046872
2017-12-20,48.2,49.67,47.629,49.26,7158759
2017-12-19,44.67,46.54,44.66,46.52,5960166
2017-12-18,42.81,44.69,42.76,44.57,3149371
2017-12-15,42.8,43.14,42.28,42.61,4516172
2017-12-14,42.0,42.375,41.96,42.35,3683921
2017-12-13,42.45,42.57,41.715,41.86,4146231
2017-12-12,42.39,42.88,42.185,42.4,3421527
2017-12-11,41.54,42.98,41.54,42.24,4053037
2017-12-08,41.0,41.77,40.9,41.4,3696876
2017-12-07,41.13,41.19,40.27,40.6,3423427
2017-12-06,40.8,41.49,40.3,41.31,5437502
2017-12-05,41.37,41.86,40.95,41.18,2852505
2017-12-04,41.87,42.6,41.5,41.79,2709750
2017-12-01,41.82,42.3,40.521,41.64,3750919
2017-11-30,41.5,42.16,41.13,41.51,4407431
2017-11-29,42.19,42.32,40.8,41.24,4938871
2017-11-28,41.81,43.75,41.2099,43.3,6890455
2017-11-27,42.15,42.42,41.49,42.04,3091740
2017-11-24,42.8,42.9,42.09,42.21,1306136
2017-11-22,41.84,42.68,41.775,42.64,3252334
2017-11-21,42.73,42.73,40.22,41.39,6257368
2017-11-20,42.29,42.55,41.75,42.21,4844213
2017-11-17,42.0,43.6,42.0,43.4,3569042
2017-11-16,42.68,43.08,42.06,42.3,3351178
2017-11-15,41.27,42.37,40.73,42.21,4726434
2017-11-14,42.9,42.9,40.62,41.87,8095739
2017-11-13,42.7,43.87,42.55,43.13,3162683
2017-11-10,42.93,44.46,42.75,43.01,4441527
2017-11-09,44.71,44.71,43.11,43.33,7661245
2017-11-08,46.73,46.77,45.37,45.89,3299280
2017-11-07,47.11,47.2042,46.54,46.97,2163621
2017-11-06,47.2,47.68,46.53,47.29,1725268
2017-11-03,47.25,47.43,46.71,47.12,1837775
2017-11-02,47.68,47.7671,47.07,47.46,2057632
2017-11-01,48.91,49.27,47.45,47.7,3174620
2017-10-31,47.15,48.07,46.38,47.78,2717532
2017-10-30,47.75,48.38,47.37,47.42,2068082
2017-10-27,47.835,48.25,47.01,47.91,3854884
2017-10-26,49.52,49.73,48.52,49.15,3463408
2017-10-25,49.73,49.8799,48.51,49.55,3108193
2017-10-24,48.13,50.31,48.06,50.08,6692106
2017-10-23,48.04,48.56,47.83,47.93,4019535
2017-10-20,47.13,48.13,47.06,47.93,4204274
2017-10-19,46.5,47.74,46.01,46.54,5876010
2017-10-18,47.38,47.84,46.51,47.75,4606081
2017-10-17,48.65,48.72,47.42,47.77,3955418
2017-10-16,48.0,48.93,47.48,48.24,4674758
2017-10-13,48.32,48.6299,47.6,47.71,3275773
2017-10-12,46.95,47.77,46.8,47.53,2847149
2017-10-11,46.72,47.0,46.21,46.94,2727964
2017-10-10,47.28,47.45,46.58,46.89,3578552
2017-10-09,47.63,47.72,46.58,47.07,2235611
2017-10-06,47.89,47.89,47.3,47.49,3963440
2017-10-05,48.08,48.7293,47.65,48.25,3191480
2017-10-04,48.27,49.3,47.75,47.91,4124236
2017-10-03,47.97,48.33,47.44,48.31,3305104
2017-10-02,46.43,48.03,46.41,47.65,4037598
2017-09-29,46.45,47.0,45.9,46.62,3822240
2017-09-28,45.07,46.46,44.81,46.08,5281047
2017-09-27,45.28,45.56,44.48,45.07,2391140
2017-09-26,45.11,45.52,44.72,44.74,4539017
2017-09-25,45.33,45.7,44.62,45.29,3071243
2017-09-22,45.31,45.78,44.67,45.38,3089145
2017-09-21,47.11,47.25,45.97,46.25,3687387
2017-09-20,46.98,47.95,46.53,47.5,5852935
2017-09-19,45.22,46.44,44.86,46.2,4854097
2017-09-18,44.8,45.09,44.66,44.91,3224767
2017-09-15,44.76,45.09,44.22,44.65,5385078
2017-09-14,44.48,45.0,43.75,44.8,4449460
2017-09-13,44.61,45.07,44.36,44.91,3351512
2017-09-12,44.59,45.2,44.33,45.0,4826286
2017-09-11,43.25,44.49,43.13,43.6,4173996
2017-09-08,44.37,44.37,42.24,42.61,7296016
2017-09-07,44.16,44.9,44.0401,44.73,3326446
2017-09-06,44.4,44.5,43.3,44.43,3419529
2017-09-05,45.08,45.12,43.7,44.42,5222978
2017-09-01,44.21,45.22,44.13,45.04,3374580
2017-08-31,43.67,44.0,43.18,43.88,4088495
2017-08-30,43.23,44.1,42.991,43.09,5502878
2017-08-29,41.66,43.18,41.38,43.0,3890419
2017-08-28,41.43,42.26,41.05,42.17,2678449
2017-08-25,41.68,41.8,40.84,41.21,2729842
2017-08-24,40.88,41.55,40.56,41.34,3103742
2017-08-23,39.56,41.44,39.45,41.06,4820314
2017-08-22,38.74,40.1299,38.73,39.77,3867097
2017-08-21,38.19,38.66,38.05,38.47,2331799
2017-08-18,37.88,38.21,37.34,37.76,2028802
2017-08-17,39.0,39.0,37.75,37.8,3272834
2017-08-16,37.96,39.33,37.9101,39.23,4295678
2017-08-15,37.3,37.98,37.14,37.5,1826477
2017-08-14,38.11,38.1584,37.1247,37.19,2129458
2017-08-11,37.21,37.91,36.93,37.78,2936153
2017-08-10,38.12,38.78,37.715,37.78,3515585
2017-08-09,39.21,39.45,38.4,38.62,3692522
2017-08-08,38.5,40.3621,38.36,39.58,8674921
2017-08-07,38.0,38.47,37.61,37.99,4914994
2017-08-04,37.34,37.5,36.73,37.42,2285810
2017-08-03,37.28,37.6,36.94,37.09,2884558
2017-08-02,36.27,37.33,36.2,37.28,2962758
2017-08-01,36.46,36.74,35.91,36.38,1918688
2017-07-31,35.97,36.44,35.665,36.4,2137320
2017-07-28,36.17,36.32,35.54,35.64,2851126
2017-07-27,36.84,37.07,36.085,36.36,2044059
2017-07-26,37.42,37.61,36.56,36.63,3390179
2017-07-25,37.07,37.38,36.865,37.3,3403471
2017-07-24,36.59,36.88,36.51,36.69,2244773
2017-07-21,36.55,36.8585,36.5055,36.62,2449086
2017-07-20,35.95,37.31,35.95,36.72,4745762
2017-07-19,36.61,36.62,36.07,36.5,4431844
2017-07-18,36.4,36.48,35.8,36.43,3049846
2017-07-17,36.44,36.69,36.205,36.4,3453010
2017-07-14,36.2,36.44,35.98,36.32,3966487
2017-07-13,35.45,36.38,35.43,36.01,5277848
2017-07-12,35.25,35.47,34.44,34.6,4134442
2017-07-11,34.22,35.08,33.99,35.0,4244142
2017-07-10,33.91,34.45,33.68,34.14,3036347
2017-07-07,34.0,34.37,33.265,34.19,3772263
2017-07-06,33.61,35.38,33.6,33.89,6220940
2017-07-05,34.17,34.255,33.57,33.77,4006069
2017-07-03,32.94,34.3,32.915,34.02,3112086
2017-06-30,33.16,33.45,32.535,32.65,3014777
2017-06-29,33.11,33.34,32.61,33.18,3730077
2017-06-28,32.1,33.0,31.93,32.95,3764296
2017-06-27,31.6,32.5,31.49,31.63,5463485
2017-06-26,31.19,31.295,30.65,31.18,2935982
2017-06-23,30.13,31.43,29.79,31.09,6287723
2017-06-22,29.81,30.25,29.66,29.8,2906662
2017-06-21,30.59,30.59,29.6346,29.69,3485500
2017-06-20,30.69,31.095,30.41,30.45,2566746
2017-06-19,30.37,31.3,30.16,30.89,3909102
2017-06-16,30.8,30.8625,29.55,30.0,4741975
2017-06-15,31.12,31.45,30.61,30.74,3224303
2017-06-14,32.57,32.68,31.21,31.54,3714380
2017-06-13,31.97,32.548,31.55,32.48,2995123
2017-06-12,32.82,33.21,31.63,31.78,4709295
2017-06-09,33.64,34.0,32.85,33.01,3063086
2017-06-08,32.6,33.65,32.59,33.5,3274208
2017-06-07,33.15,33.17,32.4,32.82,3329688
2017-06-06,33.11,33.49,32.78,32.94,2295347
2017-06-05,32.65,33.58,32.65,33.32,2604958
2017-06-02,32.39,33.0,32.35,32.86,2633226
2017-06-01,32.84,33.45,32.45,32.94,2372191
2017-05-31,32.88,33.05,31.76,32.94,4491991
2017-05-30,33.03,33.16,32.53,32.99,3215090
2017-05-26,32.87,33.36,32.87,33.27,2369666
2017-05-25,33.68,34.09,33.03,33.09,2321565
2017-05-24,33.27,33.92,33.045,33.51,3338172
2017-05-23,32.98,33.36,32.56,33.26,2949100
2017-05-22,32.65,33.2,32.47,32.96,3402047
2017-05-19,32.16,32.88,32.1,32.29,2606084
2017-05-18,31.45,32.17,31.1,31.92,2394271
2017-05-17,31.88,32.22,31.58,31.63,3707349
2017-05-16,32.1,32.4,31.75,32.16,2993409
2017-05-15,32.17,32.5,31.97,32.03,2383950
2017-05-12,31.0,32.13,30.96,31.79,3379716
2017-05-11,31.23,31.31,30.45,31.16,4109259
2017-05-10,30.95,31.46,30.7,31.08,3486451
2017-05-09,31.22,31.24,30.46,30.82,3413988
2017-05-08,31.37,31.37,30.66,31.02,3780789
2017-05-05,31.35,31.96,31.05,31.82,4031041
2017-05-04,31.22,31.36,30.42,31.04,7900198
2017-05-03,32.9,32.9,31.51,31.69,7328528
2017-05-02,33.31,34.33,33.3,33.33,3882041
2017-05-01,33.95,34.13,32.9,33.28,4984140
2017-04-28,34.81,34.945,33.68,33.73,5238656
2017-04-27,35.75,35.9,34.155,34.52,14763506
2017-04-26,36.0,37.2,35.85,36.45,7369332
2017-04-25,34.23,36.55,34.23,36.49,11075292
2017-04-24,32.24,33.44,32.15,33.31,7907300
2017-04-21,32.2,32.55,31.65,31.7,5043928
2017-04-20,31.89,32.3,31.46,32.04,5429646
2017-04-19,32.18,32.44,31.28,31.3,2465529
2017-04-18,30.78,32.37,30.45,31.76,5018853
2017-04-17,31.17,31.79,30.97,31.31,4099722
2017-04-13,32.11,32.47,30.99,30.99,6143280
2017-04-12,33.86,34.29,32.03,32.05,7603354
2017-04-11,33.57,34.46,33.15,34.39,3142542
2017-04-10,33.66,33.78,33.2,33.66,2575451
2017-04-07,33.25,34.13,33.151,33.73,3673929
2017-04-06,33.85,34.16,33.19,33.65,3627131
2017-04-05,34.79,35.09,33.755,33.85,4016824
2017-04-04,34.03,34.5,33.821,34.23,2297037
2017-04-03,34.62,35.0,33.502,34.22,4204663
2017-03-31,34.06,34.74,33.6,34.4,5188399
2017-03-30,33.0,35.14,32.96,33.49,7122597
2017-03-29,32.91,33.29,32.73,32.91,2611803
2017-03-28,32.5,33.6368,32.45,32.92,4039664
2017-03-27,31.74,32.57,31.29,32.47,3654475
2017-03-24,33.61,33.86,32.365,32.56,4110369
2017-03-23,33.41,33.69,33.11,33.31,3071983
2017-03-22,33.35,34.15,33.01,33.69,2878415
2017-03-21,34.9,35.25,33.17,33.22,4540663
2017-03-20,34.9,35.36,34.1,34.9,2688853
2017-03-17,35.57,35.98,34.95,34.97,3827967
2017-03-16,35.66,35.99,34.98,35.38,3644274
2017-03-15,34.4,35.29,33.95,35.14,3753386
2017-03-14,34.45,34.58,33.77,34.19,3113001
2017-03-13,35.21,35.52,34.53,34.7,2491431
2017-03-10,35.9,36.0,34.235,34.53,4052315
2017-03-09,36.07,36.55,34.89,35.36,4826219
2017-03-08,35.9,36.82,35.9,35.99,4485667
2017-03-07,36.81,36.89,35.75,35.8,3753385
2017-03-06,36.8,37.48,35.8,36.93,5764124
2017-03-03,36.06,36.89,35.75,36.38,3238051
2017-03-02,37.64,38.17,35.83,35.85,5098625
2017-03-01,35.93,38.15,35.85,37.99,10564474
2017-02-28,34.73,35.33,34.4,34.59,4034102
2017-02-27,34.52,35.38,34.19,34.78,3898218
2017-02-24,33.81,34.64,33.35,34.48,5763834
2017-02-23,36.86,36.88,34.26,34.32,7139960
2017-02-22,36.4,36.71,36.21,36.6,2587865
2017-02-21,36.31,37.01,36.23,36.71,3393391
2017-02-17,36.24,36.61,35.79,36.21,4516538
2017-02-16,37.82,37.8303,36.35,36.46,7040708
2017-02-15,38.25,38.3,37.73,37.87,11488878
2017-02-14,38.57,39.25,38.18,38.56,3754357
2017-02-13,38.79,39.78,38.45,38.48,5366057
2017-02-10,37.92,38.54,37.505,38.3,3629116
2017-02-09,37.41,37.75,36.994,37.42,3392385
2017-02-08,37.93,38.5,37.11,37.54,3119915
2017-02-07,38.04,38.25,37.31,37.97,3269794
2017-02-06,36.9,38.0,36.8,37.75,2833638
2017-02-03,37.87,38.05,36.83,36.86,5243205
2017-02-02,36.7,38.37,36.63,37.68,5049682
2017-02-01,36.58,37.19,36.2,36.26,2905397
2017-01-31,36.78,37.23,36.01,36.45,2690080
2017-01-30,36.48,36.59,35.77,36.55,3002400
2017-01-27,36.3,37.39,36.27,36.67,3617786
2017-01-26,36.22,37.0699,35.51,36.3,5735365
2017-01-25,38.58,38.94,36.31,36.53,13583342
2017-01-24,37.18,38.38,37.18,37.5,11911148
2017-01-23,35.92,36.395,35.455,36.29,5244644
2017-01-20,35.4,35.74,34.93,35.66,5330764
2017-01-19,34.22,35.63,34.18,35.42,5050105
2017-01-18,32.95,34.83,32.64,34.81,6417754
2017-01-17,32.97,33.04,32.52,32.64,1382009
2017-01-13,32.82,33.43,32.53,33.01,3026692
2017-01-12,33.0,33.5,32.51,33.04,4519604
2017-01-11,31.08,32.0,31.08,31.97,3068269
2017-01-10,29.83,31.1,29.73,30.98,3824409
2017-01-09,30.88,30.88,29.215,29.48,4199908
2017-01-06,30.69,31.1,30.31,30.68,2086333
2017-01-05,30.18,30.93,30.115,30.65,2444552
2017-01-04,29.02,30.3,29.02,30.26,3339121
2017-01-03,28.6,28.87,28.17,28.83,2746634
2016-12-30,28.97,29.3779,28.01,28.08,2685997
2016-12-29,29.43,29.44,28.6,28.89,3224941
2016-12-28,29.78,30.17,29.35,29.43,2751053
2016-12-27,29.58,30.04,29.4,29.65,1708938
2016-12-23,29.79,30.13,29.34,29.71,2887430
2016-12-22,30.21,30.35,29.54,29.75,3766694
2016-12-21,30.19,30.43,30.02,30.43,1811751
2016-12-20,29.9,30.33,29.77,30.16,3826971
2016-12-19,28.89,29.49,28.75,29.29,2569496
2016-12-16,29.65,30.42,29.16,29.4,8131428
2016-12-15,30.16,30.44,29.65,29.79,3753185
2016-12-14,30.11,31.32,30.03,30.45,3176106
2016-12-13,31.4,31.73,30.03,30.24,4215143
2016-12-12,32.16,32.35,30.85,31.24,3416012
2016-12-09,31.31,32.11,31.04,32.05,4344295
2016-12-08,31.28,31.84,30.8,31.31,3064978
2016-12-07,31.3,31.89,30.7653,30.9,5778259
2016-12-06,30.71,31.19,30.21,31.15,3248595
2016-12-05,29.03,31.2768,28.89,31.22,7034136
2016-12-02,28.86,29.625,28.73,29.04,3870676
2016-12-01,28.84,29.42,28.6,28.88,5006186
2016-11-30,30.06,30.44,28.85,28.97,5131539
2016-11-29,30.02,30.4999,29.73,29.73,4927708
2016-11-28,31.48,31.8,30.7,30.86,5121935
2016-11-25,31.24,32.19,31.11,31.7,3109628
2016-11-23,31.0,31.93,30.0,31.51,4112265
2016-11-22,31.1,31.91,30.54,31.34,4182721
2016-11-21,30.89,30.98,29.501,30.69,2986107
2016-11-18,31.73,31.77,30.16,30.42,4421730
2016-11-17,31.3,32.02,30.77,31.85,4693203
2016-11-16,29.69,31.69,29.66,31.42,6150098
2016-11-15,28.94,30.23,28.83,30.21,3668883
2016-11-14,29.5,29.94,28.61,29.62,5156737
2016-11-11,29.18,29.99,27.63,29.3,5337239
2016-11-10,29.08,29.7,28.3,29.1,8189887
2016-11-09,26.83,29.14,26.0,28.72,10675856
2016-11-08,24.3,26.59,24.3,26.4,6469979
2016-11-07,25.54,26.41,24.89,25.08,8377025
2016-11-04,23.82,25.5,23.56,25.2,6878500
2016-11-03,22.96,24.3493,22.94,24.15,8083097
2016-11-02,22.67,23.265,22.6358,22.91,10755328
2016-11-01,22.1,23.55,21.78,23.0,32216510
2016-10-31,21.29,22.1,20.81,21.44,1937231
2016-10-28,22.0,22.0,20.76,21.4,616841
2016-10-27,21.0,21.75,20.71,21.2,71878
2016-10-26,21.0,21.0,20.0,21.0,117516
2016-10-25,22.16,22.5,20.64,21.25,165157
2016-10-24,21.0,21.0,20.98,21.0,5930
2016-10-21,21.2,21.2,20.89,21.0,10963
2016-10-20,22.5,24.25,20.13,21.0,6639
2016-10-19,22.5,22.5,22.5,22.5,0
2016-10-18,22.5,22.5,22.5,22.5,1000

